<?xml version="1.0" encoding="UTF-8" ?>
<!DOCTYPE configuration
  PUBLIC "-//mybatis.org//DTD Config 3.0//EN"
  "http://mybatis.org/dtd/mybatis-3-config.dtd">
<configuration>
  <environments default="development">
    <environment id="development">
      <transactionManager type="JDBC"/>
      <dataSource type="POOLED">
        <property name="driver" value="com.mysql.cj.jdbc.Driver"/> <!-- 填mysql的驱动的路径 -->
        <property name="url" value="jdbc:mysql:///db6?useSSL=false&amp;useServerPrepStemts=true"/>  <!-- 填mysql数据库的路径 -->
        <property name="username" value="root"/>  <!-- 填数据库的username -->
        <property name="password" value="root"/>   <!-- 填数据库的password -->
      </dataSource>
    </environment>
  </environments>
  <mappers>
    <package name="com.webapptest.database.mapper" /> <!-- 使用这种Mapper代理的方式便可以用这种包扫描的写法 -->
  </mappers>
</configuration>